"brand","mileage","num_accidents","num_passengers","speed_car","speed_air","height","width","ABS"
"Ford",36696.5665919079,2,6,59.2646177382237,-3.28547256257182,7.93857974702029,6.06967263066567,TRUE
"Toyota",20618.6243880448,2,14,38.215875583179,-2.79019074355637,5.99775331271985,6.17025545086414,TRUE
"Ford",21003.2615558237,2,8,39.188074554463,-0.265581187793473,7.85733502364701,6.77716955193015,FALSE
"GM",NA,0,5,36.3813795663002,-1.35033785826692,5.691599927722,5.84821495252635,TRUE
"Ford",27488.8033935026,3,6,49.2264727550716,-0.0673838804955635,6.0508380340918,6.38935343390927,FALSE
"Ford",NA,0,10,60.6889806395316,-0.921358479259865,4.43519319073454,5.71184490320814,FALSE
"Toyota",NA,2,5,61.8216459147514,1.95610576231516,6.11284100762308,5.54000019774177,TRUE
"Ford",32545.5366766304,4,5,38.4456397233019,-0.028271823725819,4.48352659540489,6.05941919887808,TRUE
"GM",11498.1844791572,1,14,52.9680367370371,1.56525680035092,6.42111932897043,5.42572200797518,TRUE
"Toyota",NA,3,6,30.0965371904984,2.93996153953654,7.39830144101675,5.96005672429615,TRUE
"Toyota",49008.3482549031,0,2,45.1803647244683,-4.85664137007906,6.24590337051649,5.9409195483916,TRUE
"Ford",52222.5675482486,1,5,72.6254192734145,0.0931868794381796,6.18825291847862,6.94276233068337,FALSE
"Ford",27840.1834795837,2,7,54.5752543873992,1.12656484004917,5.5441848851147,6.33253820281118,FALSE
"Ford",29546.8618682094,1,2,58.1828749512178,1.50281798121225,5.42434525907777,5.7019522517108,TRUE
"Toyota",50384.0145098884,3,20,57.0368805999931,-1.7887230129632,6.89169543867161,6.62862990885708,FALSE
"Ford",44077.8343994076,3,10,70.0647257843147,-2.21176771445502,6.6430671583901,5.79254709738603,TRUE
"Toyota",51011.555403387,1,6,37.9118098095223,0.797633959770115,3.82794176051817,6.20718980282992,TRUE
"Toyota",54543.5342661012,1,10,33.6188714655697,-1.97128074825047,6.02242417969585,6.00755295707699,TRUE
"Ford",44982.1082144408,1,5,63.3908885213821,-5.84904163485236,6.14142555254331,6.27982476517948,FALSE
"Ford",47130.6696915697,1,8,50.8993643453334,-0.90499484545996,6.97645176501569,6.28446577713239,FALSE
"Ford",32805.4881442604,4,4,28.1611917329402,2.46229371980242,6.41327041830533,5.78855401316209,FALSE
"Ford",30683.0171347945,2,2,60.8677122925949,1.31615459443486,6.38763915420472,5.63696308211399,TRUE
"Ford",51598.4897805385,0,14,75.6637232255534,-4.81676431901927,5.87288405326249,5.82586700965883,FALSE
"Ford",41221.0060169078,2,8,57.4908626029573,0.0965372478297272,6.71313673365554,5.74455728573839,TRUE
"Ford",62561.0436311925,3,2,42.4717433044581,-3.38557448669357,5.70695294358799,5.87189038468414,FALSE
"Ford",31953.9805942732,2,6,40.1849610964052,-2.9562527307503,4.92944206876186,6.00814192065628,TRUE
"Ford",NA,1,5,24.8611165622917,-0.209953180184479,4.9602237022498,6.05861204372258,TRUE
"Toyota",46738.1113074144,1,7,67.757778451177,6.19101207067017,6.26281946023899,6.34517227447481,FALSE
"Ford",49270.5752165771,0,8,39.3609054174191,3.37731843595372,5.78079991125883,6.75267474757096,FALSE
"Ford",46482.4389753497,0,4,42.4605804746775,2.66311428369743,6.13453940937045,6.20738926778459,TRUE
"GM",25937.6209630915,1,7,42.24071034553,-1.05366542327076,4.53365450875677,5.61720018302574,TRUE
"Ford",36745.7046810799,3,6,71.4770058747132,0.995277325423731,5.90379043545527,6.17534473646672,TRUE
"Ford",35324.9931272777,2,8,37.4257541010775,-5.12537722802808,6.6559688409349,5.53963524277576,FALSE
"Ford",NA,3,5,38.8294869231381,4.32886582942757,7.7001690374663,6.11031230047582,TRUE
"Ford",42299.1788857202,2,5,53.7301504104029,2.48024970083827,4.683877449261,6.16150406529416,FALSE
"Ford",NA,0,5,43.9602170368804,4.61601078944426,3.5523197073231,5.65565382138796,TRUE
"Ford",NA,3,10,36.2169252649665,-0.142292147907921,4.56913080411633,6.52856885709162,TRUE
"GM",44198.6784230978,0,6,70.5893349848927,-3.07770189683475,4.09495280429439,5.67738220078316,TRUE
"GM",33215.2917273365,3,5,57.7808029886596,6.3454838300226,8.24371243112722,6.60418984357493,TRUE
"Toyota",NA,3,5,47.7626947837869,0.170121253299738,3.31033774964731,6.26537753942379,TRUE
"Ford",20225.5780399315,2,4,42.6631496829594,-2.979080254142,7.35929262204217,6.56226785480818,TRUE
"GM",NA,1,20,48.0703213475871,4.68806973520213,8.89071531133139,5.037422125709,TRUE
"Ford",30389.5325890485,0,5,39.9323695130759,-7.3962053330287,7.78261925777991,6.4461628029781,FALSE
"Toyota",39160.2182192067,1,5,38.43264824081,-2.8828708622407,4.95954148789779,5.86978363474504,TRUE
"Toyota",51855.2517855283,4,5,35.000671570412,1.01721732921922,4.84671305284516,5.87688959539662,TRUE
"Toyota",41185.6317019187,2,8,38.8733032740594,-5.74232299943628,8.27574401556899,6.26848691111151,FALSE
"GM",51012.2244805338,3,4,31.7140461609574,-0.577165357398409,5.32690912498854,5.91774410853779,TRUE
"Ford",38953.7452132948,5,7,50.2381992594912,-0.187967735518567,6.64081614255138,4.65813551415816,FALSE
"Ford",30580.8178707117,1,5,47.0116784982443,0.193172347896781,5.07689563122584,7.2997011921506,TRUE
"GM",14315.3128435922,2,6,49.6814078768002,3.67335104560034,5.23964628482766,6.24879761447003,TRUE
"Ford",36915.6324757604,3,6,50.6213294527029,-1.09014851392509,5.70571604918214,5.35962180381428,FALSE
"Ford",53846.5747903685,2,5,53.9624627827684,-0.291780436134455,5.9696466270224,5.27509985640607,TRUE
"Ford",32193.6437484826,3,4,33.5825663209873,2.44476497714806,6.46612671076447,5.54103948896624,TRUE
"Ford",45623.4928960585,3,20,56.587090111392,-1.74865432627702,5.85325299107152,5.95204942843295,FALSE
"Ford",36406.8861790638,4,4,44.194926761225,0.342777738938032,5.38042085648782,6.13978530854067,FALSE
"Ford",51086.7319529136,3,8,42.5812259293984,3.13882164964531,5.58959617992511,5.94064606199596,TRUE
"Ford",NA,3,6,35.3673916622857,-4.13520869188283,5.57114314951897,5.51602851620378,TRUE
"Toyota",51687.1512787994,2,5,46.6692932192899,-3.48200377628813,7.11244521613364,5.60186120983074,TRUE
"Toyota",25404.7095519279,2,4,61.8308838919239,2.31301314435388,5.81746166086759,6.97068259404698,TRUE
"Toyota",37075.9632069433,2,5,59.617065923293,-2.08987959421389,4.52776119994874,5.78038213159602,FALSE
"Ford",29280.3494865268,0,8,38.1092398850773,2.46249553903412,6.60980221435258,5.86279658193223,TRUE
"Toyota",29405.005308049,6,6,53.3335779354024,1.76013069894859,5.83131900343631,5.89816849813958,FALSE
"Toyota",39615.3140671458,0,14,50.2043474858688,-0.831031873388347,5.31445257443479,6.30823609960035,TRUE
"Ford",NA,3,20,49.0092962471167,0.03198483901287,4.13491433089145,6.67705272457767,TRUE
"Ford",41651.6170536447,2,5,51.3394506985867,2.21570937029566,6.88122578072546,5.43701837276809,TRUE
"Ford",61694.9748648759,1,2,51.406900296519,-3.69606642220006,4.09838365845782,5.70308258132922,TRUE
"Toyota",NA,0,7,43.0373457483549,2.20862899273752,6.35173608194021,6.26965938175992,FALSE
"Ford",35976.5177319481,5,7,51.9670238237315,2.302555385796,5.05955342331722,5.06411577204284,FALSE
"Ford",NA,2,5,69.6147049201371,4.01526738419128,5.39300801133398,5.78687678525539,FALSE
"GM",54913.4160623611,2,7,48.4468097020442,1.52301348562108,4.42886479580073,5.29529221448577,FALSE
"GM",41129.4576685083,1,7,55.3248844162127,-2.86884123377204,7.67554902958034,6.05380600775212,FALSE
"Ford",28494.2465334238,2,8,43.6629054012386,3.79740406830298,4.86234526400019,6.14318502980958,TRUE
"Ford",NA,2,5,55.559275873409,-0.578054976332592,6.31061486617966,6.48362050397333,FALSE
"Ford",NA,2,5,59.7121747703053,3.48191659425014,5.21293724316982,6.46444200848624,TRUE
"Ford",32794.0170588974,2,5,43.6146928308614,5.03515232524016,5.19235366374126,5.9308000064418,FALSE
"Toyota",NA,1,7,39.7115660816718,2.06884361569552,4.47312841001073,5.65461798130223,TRUE
"Toyota",43173.4180731926,3,6,49.5400941394528,2.9257930339301,6.51147300271499,5.80429817664492,FALSE
"Toyota",46481.978816751,2,7,50.7478893765247,-2.95372451920522,5.61148489556958,5.41805649764609,TRUE
"GM",31353.1150146091,5,5,52.5412862058587,0.821332999946674,7.48884366256998,6.19548700244745,FALSE
"Toyota",45033.4118419664,3,5,51.9034698621972,-3.39925730770112,5.32801990507024,6.53679296986829,FALSE
"Toyota",43404.4098746323,1,20,44.0574868637931,-3.74509219287879,4.45247624318002,6.68434279050713,TRUE
"Toyota",47459.4299913568,1,6,56.8448588779263,7.12295787462115,6.70404796593421,5.93739330654804,FALSE
"Ford",17616.8310873151,2,5,40.2104407189288,-4.59414181985483,5.21332728181799,5.2628870834724,FALSE
"Toyota",62770.5747098924,2,4,58.3747627732397,5.71558965026612,6.06565677425069,5.97389651614148,FALSE
"GM",51665.1519354931,1,7,47.8562129407772,1.16430510812422,4.97497495202711,6.09530872556469,TRUE
"Ford",32612.6960177686,4,4,32.0375099605879,1.2455220520087,6.47698447359083,5.78418576890489,FALSE
"Ford",NA,1,7,53.8267807613724,-0.031193601262704,6.34998292352535,6.45840599928743,FALSE
"Toyota",36948.5636792087,1,4,67.7083641939668,2.85096510029507,6.11426596847376,6.11313581072667,TRUE
"Toyota",43151.9379002347,1,5,58.3760935419441,0.865150255652785,4.87651630279296,5.52651861234249,TRUE
"GM",42332.6524333818,1,6,71.0977482758185,1.70261107500647,7.2657617769477,5.65117544349078,FALSE
"Ford",NA,2,14,43.0998878839079,-0.165636410539972,7.30581917153778,5.87196030341087,TRUE
"Toyota",36769.4246371405,2,2,42.1824170076136,-1.93094336648861,5.89181220076848,5.80735134451998,FALSE
"GM",32225.8927148366,6,8,38.1298782791352,-1.92315253565327,5.70804807843347,6.04759500780558,FALSE
"Toyota",26732.8244835044,1,2,56.2669547780957,0.587790073673286,7.25172835809986,6.23452174393962,FALSE
"Toyota",18526.8784927698,3,5,41.3591768492089,0.290834924064701,3.42902936800326,6.02674040222635,TRUE
"Toyota",NA,3,8,46.9945002891654,4.83286445122474,6.25588811372652,6.96596623264827,TRUE
"Ford",43584.2737511278,1,10,51.5935881922383,-2.32262779678999,6.44989842513273,6.40891454986526,TRUE
"Ford",40010.9566231176,3,8,38.8845536421708,2.16130982225635,7.44435036404992,6.12734623710694,FALSE
"Ford",NA,3,5,65.7409151791176,0.828890129313021,7.41961327559153,5.96292031397937,TRUE
"Ford",28740.9244763703,5,4,58.673586355603,4.1419673546206,5.47540920060856,6.486692013604,TRUE
"GM",24679.7700828928,2,5,47.1110901507306,-1.86864707877337,7.29470005364331,6.79220145807754,TRUE
"GM",31760.1967482981,3,5,57.3826928777804,-0.0817332732093423,5.81238864162186,5.30403299929727,FALSE
"Ford",NA,0,4,39.4995880571292,-2.98859289012621,3.65325865304678,5.55934102786791,TRUE
"Ford",NA,2,5,48.7395884247917,-10.2787580666303,3.86539384241106,6.03683243956104,FALSE
"Toyota",47546.9671140649,1,5,57.842776340496,3.03973685805992,6.87738535170717,5.58427016546869,FALSE
"Toyota",27704.4829788128,4,5,66.1319037086662,6.15217295963192,4.5163064340021,6.07673070390572,TRUE
"GM",NA,3,10,63.2766482615601,-3.61592775855359,6.21159052160052,5.15174133886771,FALSE
"Toyota",NA,2,4,50.9611745153364,-0.575229381193664,6.76932396787976,5.67502618161774,FALSE
"GM",33417.0850791827,1,8,47.2526391540055,3.29175352215036,4.30485993227815,5.10598103454266,TRUE
"Ford",NA,1,6,55.4693092561695,-0.480568848322035,4.29386730204187,7.35582525142155,FALSE
"Ford",NA,4,5,52.0259268850216,2.41965498330269,5.56922849812009,6.39972858040512,FALSE
"GM",37576.2962882915,1,5,62.0647835736026,7.90651889711203,6.47542281881596,5.31720385706204,FALSE
"Ford",28570.3198486188,4,7,43.6549149521681,-0.50125473567436,5.33164619347805,5.89450367532065,FALSE
"Ford",NA,1,10,63.7599136072278,-0.379657702945083,5.02645999711255,6.25376667726656,TRUE
"Ford",48158.0453469094,2,7,53.5751549468076,-2.62289731660816,5.09914234791764,6.17476950159424,TRUE
"Ford",NA,2,8,44.9025948147317,-2.45543412533988,3.1358385312608,6.01153881624319,TRUE
"Toyota",24809.5820564445,2,5,60.2850932076885,2.85064826290007,6.37811996891338,5.88258798011026,FALSE
"Ford",38714.6406037443,1,6,59.7796898389353,1.55976355079454,5.58842844934117,6.56621353928442,FALSE
"Toyota",39746.3136921058,2,7,39.5676029646882,2.77985034790958,6.69722527841168,5.25625383658163,FALSE
"Ford",32124.5343468405,2,7,55.6651531381745,3.17038949837832,4.7133673608897,5.81470068909259,FALSE
"Ford",40902.254735939,4,5,55.499096418633,6.7247339017392,5.55531702089085,5.08179879365309,FALSE
"Ford",57232.0570736196,0,4,53.2896013752441,1.5019629191457,5.18092198229077,5.46159017313802,TRUE
"GM",NA,3,5,58.3183993214948,-2.05425406371445,5.78121448700303,6.04852515601677,TRUE
"Toyota",32336.7399924529,0,10,59.1298930130174,0.177416126778469,5.7630736886965,6.13685412989503,FALSE
"Toyota",44135.3668061683,2,7,35.9945949505403,4.78596722627548,7.83238714977526,5.00274365813927,FALSE
"Ford",57625.0806865486,1,4,50.4188478280031,1.7182251381084,5.35993894818429,6.39697670829581,TRUE
"Ford",53921.15231434,4,6,72.4218150495618,-1.57412344218007,6.58086381865691,6.52882581924594,TRUE
"GM",50068.0757236573,3,5,54.7965260908224,1.68216912513662,8.51684136651428,6.31820418934516,FALSE
"Ford",NA,1,7,42.6024429812566,-2.99764809750186,6.80086953520178,5.90385933200499,TRUE
"GM",48730.4314975278,2,5,43.7915715098366,0.275954526461802,4.46301004080456,6.31919521260496,TRUE
"Toyota",15796.0088363549,4,2,50.3359335934675,4.50017475133197,6.23966220764839,6.04040958940615,TRUE
"Ford",25112.4964472745,2,4,53.3442508048327,-2.6244339093783,5.75423463373541,6.61103122655889,FALSE
"Toyota",36756.1274001949,2,6,38.2040432097622,-1.43208196794252,6.1328543046403,6.14578556304979,TRUE
"Toyota",20985.3757165397,2,5,51.2597649133516,1.69481432450366,6.39004764414806,5.54936348585466,TRUE
"Ford",34371.90322683,0,6,40.4099193052131,5.35321023028771,5.08294311290522,6.33173580004837,FALSE
"Ford",35209.2584555391,1,6,59.9719276979525,-0.914773299995576,5.72343513178701,5.78193068984277,TRUE
"Ford",37014.4822162861,3,5,45.4458004228056,0.543442987734471,5.75119921680358,5.51301939177409,FALSE
"GM",47962.748600246,3,20,46.8201178928549,4.65117990895283,5.46415944425612,6.10538696359705,FALSE
"Ford",NA,3,4,48.2166404237587,3.69923337081524,5.64520323527271,5.67446415346789,TRUE
"Toyota",44141.6380768843,4,5,68.1896093036878,-4.68343443108926,5.42301466559595,5.80772614825146,TRUE
"Toyota",32639.621406917,4,7,45.3496436149672,1.75476110801441,3.89694211490787,6.29206990910611,TRUE
"Ford",22055.8868261219,4,7,56.6017343132146,4.88795283611287,5.50697777812027,5.33892044271134,TRUE
"Ford",23192.8689367686,4,5,54.7332212146871,4.53562869821181,6.01569287985995,6.9101338609791,FALSE
"Ford",53464.1977691363,1,5,39.1118561374806,0.464958170482208,6.92814903257284,5.89856255476946,TRUE
"Ford",52350.139083033,2,5,43.898729665479,-1.77119525026904,6.55531894494726,5.95677106722968,TRUE
"Toyota",NA,0,5,41.9863715908949,2.06571385920106,4.4200213263805,6.52424859558406,TRUE
"Ford",49458.9006353484,6,10,52.1770294610369,1.61655620113828,5.42623889346817,4.92399407078572,TRUE
"Toyota",NA,1,5,49.2843665841043,-6.73028695544867,4.92523911809292,6.46057694329908,FALSE
"Toyota",38011.3902750772,4,8,36.2779262693204,2.04273884300372,7.57507529777984,6.00378593436657,TRUE
"Ford",45957.0332062778,1,8,64.7583281856976,3.0103607299039,7.79846227194584,6.18766366985721,TRUE
"Ford",62714.9802569885,6,5,37.380513420754,0.398196114725675,5.79251989591203,5.92242486994681,FALSE
"Ford",22155.7552083153,3,7,48.3015447210304,-1.50804405996702,8.15893107953969,5.43414410853119,TRUE
"Ford",NA,4,5,48.1216464555328,2.38748249049594,7.15045423147204,5.45899080647259,TRUE
"Ford",26345.7439936797,0,7,56.7708808311847,0.861430602012303,4.89636641527432,5.87785217774539,TRUE
"Ford",43653.81475569,3,5,64.0227694279031,-5.07116068201067,8.83504914496854,5.73013696650832,FALSE
"Ford",49756.7914117112,5,4,49.5357874766156,1.32486104048733,5.71190802354204,5.8401340494164,TRUE
"Toyota",40979.7053433341,2,7,47.5108071061599,2.96920517536307,4.48099145231306,6.15464309502331,FALSE
"GM",NA,2,7,54.1333757900806,7.59068763362727,5.85340981857628,6.26734056422594,TRUE
"Toyota",31052.9663078759,1,8,42.6212720666263,0.677486067376089,5.46505608177001,5.54002804185704,TRUE
"Ford",64744.0162437392,4,6,55.0968121170056,1.02798039257059,5.41966197941439,6.52277934438648,FALSE
"Ford",57918.7473904508,4,5,36.5775230042874,-3.59983104090498,5.67061639657328,5.33758739866919,TRUE
"Ford",NA,3,4,46.0131258902093,0.311714648141031,6.7444061100388,5.52078912970842,TRUE
"Toyota",39433.5623547842,7,5,60.2064900362601,-1.13061621274421,7.30967989396144,6.14571846817942,TRUE
"GM",25411.4295700356,2,8,50.3002703371638,-2.7854686850382,5.4198243612948,5.41478336969677,FALSE
"GM",42393.667001822,5,8,59.4930601430911,1.63795256939199,5.78655259417665,6.11546076166305,FALSE
"Toyota",33294.7379762084,3,7,50.1541684479191,2.81435291336142,7.0087830785121,5.92747619978288,FALSE
"Ford",58777.7609072798,2,4,46.4537996401501,0.830994346391734,7.67114132539966,6.72178872565041,TRUE
"Ford",35927.0103173254,1,2,42.5625733089,2.06993996032762,5.27590121612486,5.59122969530214,TRUE
"Ford",NA,2,7,63.0032588289939,6.32932853882104,6.6300822430511,5.5924637115844,FALSE
"Ford",NA,1,7,62.8979126712613,-2.80810388076378,8.48706305367126,6.11776253024707,TRUE
"Ford",62883.3671772642,1,4,54.9198377210284,-6.08039080829593,4.59658749022971,5.73380980239437,TRUE
"Toyota",44789.2980661496,1,8,50.6308630267946,1.82165833465878,5.42148019498406,6.00790024925647,TRUE
"Ford",34394.5028701956,3,5,43.8818694343848,-2.36023255062827,6.01117299531616,5.82758802186857,TRUE
"Toyota",NA,1,4,38.4921634401425,-3.84157881135694,6.20310264611974,6.33337455733185,TRUE
"Toyota",20214.1009516181,1,5,40.788841359865,-3.4479574257254,5.84979910267249,5.30157108128583,FALSE
"Ford",37145.0763176759,0,4,54.2209943778358,6.62611138075442,5.78604303319767,5.86333133892228,TRUE
"Toyota",NA,1,10,75.5230859020167,3.32995664786361,6.25971173461114,5.7727305345946,TRUE
"GM",43409.9668604122,1,7,54.6799287951426,-0.649068543592068,5.73433770992411,5.14943023398875,FALSE
"Ford",38068.5666570327,0,8,44.2014205109631,-2.13725848627254,8.17380231314127,6.3986724381962,TRUE
"Ford",32994.541115674,2,6,42.3473475988956,0.819328777346429,6.44219508889991,6.49388227931038,TRUE
"Ford",NA,0,4,43.0308141903662,-0.745818988180402,6.86303223517347,6.6117008268088,TRUE
"Ford",30542.2722125819,4,5,57.0055786035437,-0.756138317091536,5.85951238373016,6.0164568927918,TRUE
"GM",35321.4062617715,3,7,40.2014967481406,-0.495092162411474,6.45613862503221,5.52466362202524,FALSE
"Ford",NA,4,7,70.5004540497849,2.43819768867169,6.21034936938759,5.03393304858777,TRUE
"Ford",29345.8211626785,1,4,45.1927225016196,-3.55818752739986,6.70105915461881,5.80482073553812,FALSE
"Ford",39575.1922007621,3,5,47.8871581211011,-3.55699464848514,4.85220788833067,5.44095660660472,FALSE
"Ford",19503.5824695105,3,4,44.4443129764256,-3.40557247539535,6.17394289648535,5.89041521233265,TRUE
"Toyota",34091.7696138329,0,10,57.1099712249392,2.18071487415573,7.16951375835643,5.91098206125238,TRUE
"Ford",NA,0,14,63.2452701812651,2.2989863387949,5.09983619350771,6.42947391695064,FALSE
"GM",38364.7133570948,4,20,37.3809217456416,-0.816792358078865,4.70190030666599,5.83206681998428,FALSE
"Ford",NA,0,14,47.5619682759248,-3.62251175897967,3.43766756532979,6.79811513373241,FALSE
"Ford",23432.3240890799,2,14,50.7490651615801,1.62997126933244,6.50462412396793,5.99657648174562,TRUE
"Ford",53317.8954817732,2,10,33.0665690243284,0.757049056969819,6.07582248111719,5.91782321516922,TRUE
"Toyota",NA,4,4,50.1565337281547,2.18749038645304,5.42971844474774,6.68887942332383,TRUE
"Ford",41858.7249746339,2,5,66.2959839218803,-5.49515130130722,3.96707576341309,6.56657280669573,TRUE
"Ford",34161.2632710349,2,7,52.7241728474019,5.36368807546454,5.72104431349545,6.30554453739039,TRUE
"GM",47844.8370191373,3,8,52.3365331274965,6.71791920638278,7.27400419614489,5.14522581524712,TRUE
"Ford",34566.4944902313,3,7,48.5055626011459,0.213935067037275,6.04892259381995,6.39327341158237,FALSE
"Ford",36990.6807853455,4,5,60.2806176795038,1.05718760630224,6.30605132591275,5.66945368418865,TRUE
"Ford",28711.7965773697,1,2,57.4813076627228,3.51461616179398,5.71243040581285,6.0099909064903,TRUE
"Ford",45112.3536686999,2,5,65.8693883449815,-2.61734388775362,6.80693690076259,6.43994293906908,FALSE
"Ford",NA,3,2,42.2656420270578,-0.546727188380134,5.73033464137844,5.98773335128971,FALSE
"Ford",30249.9217028284,4,14,36.7219393588235,3.37747784978574,5.36713616999524,5.87501589709814,TRUE
"Toyota",25969.8192100959,1,7,49.9221450337304,-3.43191442620489,4.17960967013386,6.16645576968416,TRUE
"GM",37522.5298869792,4,5,61.5409817617141,0.169399487218249,3.6153388843687,6.53058460749041,FALSE
"Ford",44496.1370525481,4,4,39.9375275063797,3.0646247130566,6.02038473134642,5.88593896927512,FALSE
"Ford",41549.5164555624,1,8,50.5142757972466,1.0829716864227,6.45537530881888,6.63301606867378,FALSE
"Ford",50353.6399072289,2,5,55.9702397415194,0.00104715482314822,6.85688012449557,6.85183634810467,TRUE
"Ford",37157.1463166729,1,2,37.0564581738218,3.05408516441417,5.33857551229488,5.66746167658867,TRUE
"Toyota",36962.7368540077,0,7,39.2049454790022,4.26742698095329,5.01332832484029,5.97125833332944,FALSE
"Toyota",33977.6344855721,2,5,45.9899441853498,3.11342991844379,6.20614277549321,5.0023759767344,FALSE
"Ford",45918.2385831432,2,7,47.7114146637991,-0.177048832664313,6.42661657494105,6.21968195075787,TRUE
"GM",32157.1354884825,1,8,51.2862126288218,-4.03182303731976,4.85261626432797,6.52746027253357,TRUE
"Ford",38427.3732680344,8,7,52.1091592968878,2.63144625871041,6.64424942844882,5.53353466865841,FALSE
"Ford",NA,4,5,60.7107437421836,4.10508856383117,7.66628795019098,5.81609004487315,FALSE
"GM",27443.1170195521,2,7,37.1395601936594,-3.44163028768396,6.81085215165159,5.19682334121007,TRUE
"Ford",41871.520096578,2,6,65.8953119560492,-1.9304691574591,6.51138237513608,6.17404165927244,TRUE
"Ford",39969.4962923302,3,6,47.7183865558907,-4.04957834636476,6.95195005498851,5.04614711566688,FALSE
"GM",42742.8461411938,1,4,51.3589958775356,-1.3470334942925,6.03674816588902,5.93280469552714,FALSE
"Ford",4941.8231090796,2,7,50.58023569967,2.19251690140752,5.60407655420237,6.07278015065181,TRUE
"Ford",NA,4,5,51.08983662111,3.31322512279259,4.88942382265383,6.45381925671495,TRUE
"Toyota",35577.8663729563,2,8,36.9894503161895,-1.049323414403,6.12185261567873,6.40145233111601,TRUE
"Ford",NA,4,6,55.9822015006897,-1.54155021494425,5.41383906625379,6.50585818557344,TRUE
"GM",32657.6799729207,3,5,40.1500837326892,1.0289229806826,6.13473918194813,5.2615217968652,TRUE
"Ford",45079.4293922775,4,8,46.7380236540708,0.897498285245228,5.79843407343751,5.80509898840918,FALSE
"Ford",NA,1,5,43.1521043698108,-6.2434746458928,6.08240035126181,5.84801998093897,TRUE
"Toyota",52391.1753228725,3,7,41.2147618548224,-4.82355746272269,6.4164208258695,6.05054414683759,FALSE
"Toyota",42568.4159750343,1,5,49.2886718678689,6.17914420566872,6.81400489159066,5.54914706295297,TRUE
"Ford",34945.4944584337,2,6,52.1973596214294,-3.35775116371326,6.0187823735841,5.68437509155619,FALSE
"GM",44198.9807737932,3,5,64.8267981937002,-0.0442262776837518,6.90481392375004,6.09997213027892,FALSE
"Ford",37297.9228081419,1,7,29.9948247660533,-7.54690745404282,7.11776636618837,5.54085549235797,TRUE
"GM",47245.3532318073,2,2,50.3362934884109,2.04947876738826,5.35767869144304,6.8445748494288,TRUE
"GM",59214.7116482039,2,5,61.6299689769712,-2.79783025307493,6.23844744760981,5.91920874359397,FALSE
"GM",29587.6450626459,1,5,47.0859372302328,2.6698304804075,9.19863572451225,5.63545092015967,TRUE
"Ford",34208.2140126712,3,4,59.9513807059991,-0.17404214075733,8.01160749635989,5.76175754765352,FALSE
"Ford",46785.9886853232,3,7,50.6594594866568,5.04496122053685,4.1797606498559,5.60839815593747,TRUE
"Ford",50017.4806342071,0,5,39.7036978928578,0.464833708845067,6.50728186529134,6.19664954657653,TRUE
"Ford",34918.4085915856,1,10,51.6478366653888,-1.68206497205066,6.65365430778878,5.83780002136132,TRUE
"Toyota",42503.9690378604,0,2,45.3029621993857,-3.82692103169069,4.70542485264694,5.93543532346416,FALSE
"Ford",NA,4,8,50.410863661401,-1.76327695117127,7.5762791634172,6.51337253863262,TRUE
"Toyota",53210.1103201502,3,6,60.939551019592,-0.882886214632456,3.4376022858225,6.11672560425891,TRUE
"Ford",51666.6702308103,1,7,59.3819997735778,2.80895556548646,5.32737366015443,5.74909188354784,TRUE
"Ford",43975.9711364364,3,5,51.1534696218819,-2.1629863694983,6.5166792004653,5.96361465647622,TRUE
"Ford",48611.2254692001,1,5,51.9349990600179,0.391496249167463,5.79608337049936,5.95267081411357,TRUE
"Ford",50894.16246738,1,20,39.7763694002171,2.7941101868761,5.49805671931092,5.7686000061486,TRUE
"Ford",44157.3870964674,1,4,40.4693923700318,0.621891926505679,6.80320792792695,5.86171527903748,FALSE
"Toyota",23718.6247896049,2,5,43.1484862978253,-4.54338029824715,6.3254020971902,5.9735662464576,FALSE
"GM",NA,0,4,20.4808956333939,-2.34753081891157,5.73857265916312,5.96114905137115,TRUE
"Ford",45261.6234510525,2,2,47.8781598710091,3.02172371653748,6.07808035531904,7.16122591522555,TRUE
"Ford",61644.2038286627,1,7,51.6308595568429,0.330207107216505,5.53115760768036,6.0813076546651,FALSE
"GM",45065.557920671,3,7,61.8370247272847,-3.70780370035562,6.79108547605528,6.36809440232197,TRUE
"GM",45379.9438249408,1,7,50.8683536993122,2.445198266795,5.46884227683009,6.35818192246374,FALSE
"Ford",NA,3,5,49.2024537757515,-2.01935126685563,5.89634880409337,6.06058563084753,TRUE
"GM",29611.3760691848,5,4,69.7927364723996,-7.87287703803152,4.42599188124607,5.81591011004271,TRUE
"Ford",NA,3,14,22.4054771987805,-2.88247617631781,4.95291984920313,5.78208133147785,FALSE
"Ford",51643.8247623084,3,8,47.2874188328756,-1.64033516680944,6.30870158775439,5.94379213704076,TRUE
"Toyota",16681.5142947561,0,5,56.6440864005253,3.51335098481785,5.33359901615818,5.88695606025455,TRUE
"Ford",39316.8558043198,4,7,60.4506491967952,1.21977961874621,5.63322461063557,6.24904975042368,FALSE
"Ford",27320.1496821113,2,6,37.9415015434946,4.106034416415,5.4699874539052,5.2945700333899,FALSE
"Ford",NA,1,5,61.4255139304664,-0.0334675787561832,6.14683180401277,5.88736171557772,TRUE
"Ford",26405.2974885914,3,4,65.9148571099089,3.0091092879098,6.70594868700486,5.88291444828937,TRUE
"Ford",47374.7409955292,0,7,41.0729053977926,-1.12495681361591,6.89239573929582,6.55383406717419,FALSE
"Ford",17687.4735737311,3,7,46.596687554087,1.54088572128237,4.84405963389935,6.4632951545693,TRUE
"Ford",42115.1490161899,1,8,64.3969341311842,2.91934264379615,6.90551186666139,6.04085964180598,TRUE
"Ford",34665.8970660555,2,5,64.3491255847284,3.99889448122009,7.31486833485335,6.43891429276557,FALSE
"GM",32229.417797308,1,7,48.662027724074,-4.90711554896058,4.47220896120748,6.07820362278593,FALSE
"GM",36966.2168543818,2,4,34.9101401717371,-0.0958358465162505,5.84186280436925,5.8625544511361,TRUE
"Toyota",45234.3918167395,1,10,55.9574260641062,5.99849216886679,4.38414973312457,5.66221476544268,TRUE
"Toyota",36796.060469391,0,4,56.8324000184865,-1.04375277272229,7.45827437482343,6.03546521448768,FALSE
"Toyota",NA,2,8,43.4654741757602,-3.21194463541801,4.99904780275016,5.9823861440477,TRUE
"GM",NA,3,4,53.7143375788878,-2.14889100265539,5.80062627434205,6.06381349186704,FALSE
"Ford",NA,0,5,44.5822799256855,2.19388402051168,6.03110832705951,5.97889676099134,FALSE
"Ford",48787.3849427266,1,5,49.3354193636148,2.20574384578336,3.64115495586122,6.24456855829599,FALSE
"Toyota",54377.6915747377,4,8,72.5109569629958,6.82910744474199,5.67495910719665,6.62968101879355,FALSE
"Ford",48853.2070319092,1,20,53.9587120726035,3.75994054966787,7.032875153016,6.45732946667416,TRUE
"Ford",62147.3527828142,2,2,45.3368803972365,1.96573591105075,8.00496482433889,6.50694035261728,FALSE
"Toyota",30493.8700397657,2,4,47.5701048586085,-1.63359527400609,5.75153815941013,6.81827799958712,TRUE
"Toyota",22121.4362803805,3,8,55.1894486257501,-3.20147923618918,5.94936597437722,5.94743501771184,TRUE
"GM",NA,0,10,64.7755695637732,3.20798724875119,6.44212132517307,6.39460169829199,FALSE
"GM",37305.5582517432,1,5,47.6579924832999,2.31762077858909,5.37096050180636,5.64916803957266,FALSE
"Ford",34936.8911973756,4,6,44.6415892549245,-3.11182256286103,6.04564878669281,5.92838959912882,TRUE
"Ford",46851.7984583798,4,5,60.4636615754253,2.6174181055496,5.7904986074801,6.87715916773434,TRUE
"GM",33884.7469539803,1,10,49.9006053750082,-3.20173629341814,5.49841481962742,6.11119020454234,TRUE
"Ford",40235.0244105218,2,7,61.7675770042256,4.88166136085492,6.74938267298761,5.73207566664988,FALSE
"Ford",NA,3,8,56.8602166932788,1.38908885919185,6.18598815880727,6.50041486095331,TRUE
"GM",63044.521783939,3,4,60.3111712998031,-2.92540780848417,5.91203757791641,5.98792189690861,TRUE
"Ford",47686.10080944,5,10,63.8429002431319,0.825181769624626,7.259532185344,5.57469395938888,FALSE
"Ford",NA,1,5,56.9483699996452,-0.552404816409343,5.46598745443964,5.90132248194569,TRUE
"Toyota",38800.747701092,3,5,41.3320466729731,5.1202255876313,4.66242480968626,5.48378786397822,TRUE
"Toyota",NA,4,2,63.8265431639125,-0.247638472155946,6.62454989710777,6.60698114298121,TRUE
"Ford",42194.1961135937,2,4,42.6388527580344,5.18299892302083,5.57929643635063,5.7858351594267,TRUE
"GM",41092.8840881086,1,8,57.2940053424753,-2.7962947787236,7.19378690376568,5.90918506702605,FALSE
"Toyota",20306.6999706963,2,4,39.1096057757566,-1.37661118947035,4.73258327898839,5.50663361793803,TRUE
"Toyota",40766.5321870492,1,5,51.599678492719,-1.04941732187659,5.80882444407159,6.24416974028622,TRUE
"Toyota",19565.4475873768,1,8,46.003353280678,1.44510531307075,5.35220295875079,6.55808962211804,FALSE
"Ford",45082.2764933229,2,4,42.3239787324234,1.6415393239915,6.86102585274266,5.62077148980467,TRUE
"Toyota",38574.4020953059,0,20,62.1631088267355,2.46552725017069,7.2813980207377,5.49451467742178,TRUE
"Ford",43893.1085702389,2,8,50.995312724795,0.519804310518513,7.22248471037988,5.07583400931446,FALSE
"Toyota",52067.2421154416,1,6,40.3886850471066,0.608116265532822,5.65943103121158,6.69106744156828,FALSE
"Ford",NA,1,2,25.5088460235122,2.17788958232617,5.90658608640264,5.52699667174871,TRUE
"Ford",42855.840549417,0,2,53.7618846709341,-2.2795577787993,6.98039735984389,5.905750475912,FALSE
"Ford",36816.2896955612,1,5,55.2662726079715,0.93044886740192,7.181875980533,6.7022982785933,TRUE
"GM",45998.0582657685,1,7,43.3767648220034,-2.75762945270027,5.32517159775663,5.89253288363029,FALSE
"Ford",41117.4271910843,3,2,43.7418270736685,3.42530229283339,4.60387571190771,6.56162348437102,TRUE
"Toyota",NA,1,7,43.8995424637955,-2.82142093857604,5.06301415724289,6.38900948479924,FALSE
"GM",22503.5706933617,2,5,32.6074424297834,5.55898451138517,5.4322768717502,5.37071734898249,TRUE
"Ford",57986.5844478004,1,5,47.9172566689371,-0.163952540096549,5.83896153298446,6.01953485473702,FALSE
"Toyota",33264.8924345735,1,6,43.7022043819344,0.0480938032431039,5.29860373640373,5.90705696987849,TRUE
"GM",53354.6913825554,1,7,51.7404130396885,1.84163791732928,6.01707026356618,6.02959908443194,FALSE
"Ford",45449.3674498987,3,5,59.8261175866847,-7.04181862417552,6.90875437725544,6.25534782286905,TRUE
"Ford",NA,1,5,54.9243280502303,-3.64188435872056,7.44614989806414,4.97024598486568,TRUE
"GM",NA,3,6,30.0156491011669,1.0912339698661,5.68825672750937,5.85938252363302,FALSE
"GM",52550.2083048697,1,5,62.2284051017296,-1.97569225008929,6.16303398161144,5.41566042735937,TRUE
"Ford",58476.8792485497,3,6,48.4646674604875,-0.537648094970247,4.49589751356436,5.58922904417829,FALSE
"GM",53400.1285238135,2,5,47.9038228924247,4.88254347847867,5.29168061970147,5.37884837988043,TRUE
"Ford",28804.248575428,1,7,38.9347718381632,-0.848079717176411,5.82699229086616,5.60766514906698,TRUE
"Ford",35254.0968323808,2,5,70.5663978279812,2.10991134204781,6.14482280212744,5.75016648546722,TRUE
"Toyota",42115.6905729725,0,2,44.1099637587349,-0.292945210168069,6.28474416530985,7.0262134828091,TRUE
"GM",29632.2605353628,1,4,27.4095066398648,-3.74139441116203,6.47690640809695,5.83194267693229,TRUE
"Ford",NA,0,5,54.4550821949684,-2.36752331810538,4.66954036435128,5.42381546146686,TRUE
"Ford",39876.5163715435,2,7,55.3987936480584,0.107972034660015,7.31943477453668,5.67455691945593,TRUE
"GM",NA,3,8,47.1215779011676,4.95890952547482,5.22068017507254,5.79393682668462,TRUE
"Ford",30246.0342003584,4,5,42.5332990143648,-2.96945643071043,7.36852624802231,5.94423269718075,FALSE
"Ford",45421.1041944891,1,14,62.9002621892592,-0.873103410391822,3.69461007917043,6.39545614824138,TRUE
"Ford",36827.9559960682,2,7,41.5439680841867,-1.36126233900419,5.87720714247484,6.02664140284595,FALSE
"Ford",30609.1188657781,0,7,44.1640931535533,-1.27318134416044,5.06460333985816,5.44515455312727,TRUE
"Ford",30468.5447252103,4,5,64.7408531048969,3.23256079297413,7.09011384025418,6.42417628736507,FALSE
"Ford",NA,2,7,65.2134222710135,1.78375449004559,5.81608160203445,6.57802037070178,TRUE
"Ford",36230.1900337191,2,2,40.7501982874772,-1.2334496256294,6.00802444380014,6.41356510260836,FALSE
"Ford",NA,2,6,37.3182046446812,-2.15246836146871,5.34252921693067,6.37566546306061,TRUE
"Ford",43525.0976155033,4,6,40.0557316893167,1.93181990929619,5.96404132277557,5.62633917338915,TRUE
"Ford",21086.959722101,3,6,41.6319143624811,0.911715757665123,6.71420472924439,6.53723410943985,FALSE
"Ford",39369.9827995119,0,8,44.4497279759618,1.60103049699954,4.51807208910473,6.8041311613436,TRUE
"Ford",NA,2,2,41.9837862560429,1.32116357574954,8.11128198952407,5.99552144241634,TRUE
"Ford",30737.9697155185,4,5,44.492407867186,-3.60781558216837,5.84099154147557,6.38055502920749,TRUE
"GM",40614.8433390013,4,8,37.0163262031181,2.07296264556709,6.15127006309528,6.65899324720844,FALSE
"Ford",48307.2450511291,2,4,42.4226681801988,-0.585431322735223,4.30594187380679,7.01983128993217,FALSE
"Ford",NA,2,7,48.1704471776486,3.64822410331788,5.59583394453411,5.02324216654013,FALSE
"GM",53911.199405038,1,20,42.0388984712534,-0.2881992107675,3.97527233318302,5.80730456674847,FALSE
"Toyota",29076.351591933,4,7,46.4629558574743,-1.90383661720945,6.50345266799751,6.22618476174612,TRUE
"Toyota",33706.256983358,0,20,51.1316083604783,-2.53904472204937,5.3442160844231,5.17908367677599,TRUE
"Ford",42950.5218425457,1,2,44.4419042793602,-0.589405998721802,4.43037334588971,5.76979668142708,FALSE
"Ford",36268.8018411357,3,10,50.1988409673689,-3.03542705952696,5.59540576650953,6.78454978907236,TRUE
"Toyota",61839.3519703395,1,7,47.6573764619379,-2.82162563906945,7.06978730944675,6.17780066997875,TRUE
"Ford",50232.1067382521,2,6,45.5518171116417,5.69233370007118,5.95228423514187,6.37658633789343,FALSE
"Ford",46180.6970233612,4,8,57.4319309595006,-1.69795354613672,6.48865628851674,5.7017978270052,TRUE
"GM",18327.8849437739,1,5,59.1970558127168,-2.60680332122557,6.89048126397385,5.58567222304736,TRUE
"Ford",52042.1282439293,2,6,32.8921728547951,4.44473331040889,6.11602251337924,5.95632902502818,FALSE
"Toyota",38916.4894543543,3,4,50.0304253422637,1.4878304275032,5.1386220574927,5.8783841831041,TRUE
"Toyota",22268.8455376745,2,20,60.0894798812221,1.50904429479147,5.8940986774589,6.32695213696685,TRUE
"Ford",NA,3,7,52.9049832444359,-7.46507724634947,6.26481844861004,6.77379052321351,TRUE
"Ford",46992.795817714,4,7,58.1563603735057,0.116334926965429,6.01911002049424,6.00759873478785,TRUE
"GM",56335.3273232755,2,20,44.9231574875657,0.766157812742879,5.99477721986059,5.54530178635685,FALSE
"Ford",NA,1,5,47.8705534055518,2.1474188415613,5.74740501782429,5.89702302564895,TRUE
"GM",NA,4,20,56.0447417993631,-3.62225008777068,5.65902035848543,6.37375504919837,TRUE
"GM",43652.4728989556,1,2,57.6820521166475,-3.52871707334103,6.8376356248187,6.70832900322528,TRUE
"Toyota",43284.6931747334,3,2,49.8938310500899,3.91149814008917,5.43351452260823,6.55863036965191,FALSE
"Toyota",NA,3,4,34.8475223033709,1.23841017125541,6.29418005727777,5.76162731156349,TRUE
"Toyota",51426.2575949611,1,8,63.8524286236429,-6.49407412143129,6.69621364828109,5.44074922827298,TRUE
"Ford",24720.7087855556,2,7,49.3701723947534,6.85226236666823,6.35677060416697,5.44058295263981,FALSE
"Toyota",NA,1,7,53.1806914409476,2.64696796398756,5.7395329161176,6.22576913726133,TRUE
"Ford",NA,4,4,47.1018495853297,-2.3940101917097,5.51407155360497,5.72304923815244,TRUE
"Ford",31343.9999338712,2,4,52.782818641609,-6.51869901176027,5.42549734352404,4.94846923856838,FALSE
"Ford",15981.8368998336,4,20,44.2050641313175,2.96405600773366,4.93732028247049,6.56302931806254,TRUE
"Ford",NA,3,2,58.0558101483571,2.12058221225947,6.64009773909287,6.65448903720851,TRUE
"GM",62669.8186995177,3,8,50.355076935544,0.353187285291467,6.06234491157597,5.72783293974473,TRUE
"GM",51373.3137073928,0,5,51.6975168321382,-1.48056172970085,5.89528882810468,6.0524464761204,TRUE
"GM",38637.0865823187,5,20,49.763525067695,5.89578419706812,3.00206021346953,5.84679657660799,TRUE
"Toyota",53254.7191006328,5,8,60.2411299081719,-4.71233698029139,8.00987968638043,5.71282053032065,FALSE
"Toyota",32251.7763003078,1,5,37.4290835699159,-2.0092207659276,4.94515774329174,5.18068988814272,TRUE
"GM",39431.550543442,1,2,50.0427294044478,7.11494592999168,4.95090195405739,6.84349361746494,FALSE
"Ford",40330.4859480078,3,2,47.9040771846125,4.24281949298204,4.54297972142776,6.07033349430628,TRUE
"Toyota",37286.8532150471,3,4,43.5302933833741,-3.34701198257711,4.73767107119219,5.05851098714348,TRUE
"Toyota",32412.6900119556,5,10,25.1304922055538,2.76094722384489,7.63137741196295,6.07305064730402,TRUE
"Ford",NA,4,4,49.4725377363958,-1.7641623143583,5.9884218551019,5.54908561740677,FALSE
"Ford",14724.4807723328,2,8,33.134333737798,-2.5453023017564,6.8245490831178,6.77461284806147,TRUE
"Ford",47928.8035351619,2,14,50.4424750620342,-0.658379938145929,5.76134742911007,6.0595219021451,TRUE
"Ford",NA,1,4,45.4268489260368,-5.47796299288361,4.87575103004172,5.77356871914092,TRUE
"GM",42991.4511692744,1,5,45.7030201331842,-0.160367863549667,5.92730010223237,6.23646935251771,TRUE
"GM",34447.9941067916,4,7,52.2219152166614,2.85192523737269,6.40048753594504,5.92973183787735,FALSE
"Ford",33722.867889282,4,5,46.9186931118799,-2.20744231580026,5.73172044342365,6.76651755160766,FALSE
"Ford",NA,5,7,42.4433668909419,3.14233415162911,5.40727417589436,6.18686881586276,TRUE
"GM",NA,0,7,50.0265336196943,-3.48198111552904,5.23514517409415,6.60540325473,FALSE
"Ford",60722.7885078242,2,8,39.048096122453,4.19416272082398,4.77674977134899,6.20882957167454,TRUE
"Ford",NA,1,7,44.4822566352541,0.553353237319688,4.76197293856848,7.14419776572383,FALSE
"Ford",33840.6469829166,3,7,51.5292079632963,4.8426503655165,5.30681377659805,7.16868466899151,TRUE
"Ford",44347.264466123,3,4,42.3271866446721,-0.0787931129677499,5.72468718079006,6.60936261953738,FALSE
"Toyota",29984.8861662651,1,7,64.6524552008288,1.86669254602568,5.70655428301383,5.82562271469022,FALSE
"Toyota",40560.0728292808,4,8,55.0446219112698,1.36987749947989,5.76281663343624,5.34643451338249,TRUE
"Toyota",16425.4718240199,2,5,58.6336559515235,1.67258879561902,5.03531583152988,5.53242159750157,TRUE
"GM",45004.0933507997,1,2,46.4209761857357,-2.04518155700475,6.99284950449817,5.46589421450923,TRUE
"Toyota",34724.532817334,2,7,59.8200222626675,-0.653636247230958,6.55928245380564,5.59484219076313,TRUE
"GM",NA,2,6,44.9577179183631,-2.26177679350541,3.78566831008665,5.05810653956791,TRUE
"GM",37964.5228444445,0,5,55.6681236801122,2.21178178439985,6.9993063787638,6.23428974951559,TRUE
"Ford",43867.3437546489,2,7,44.3818898028904,0.631196817038521,7.42178825425633,5.92914639806524,FALSE
"Ford",62786.6140119952,3,6,46.9796812256505,4.53115660447733,6.21442030224378,6.68017998570011,TRUE
"Ford",NA,1,4,47.3367440020429,1.17760098401817,7.63168566724614,5.91234615500681,TRUE
"Ford",53117.8637231308,1,4,42.1651948065306,1.8536298585867,5.00885450000986,6.31065063242525,TRUE
"GM",47461.1377160555,6,4,36.1185823044917,1.39254986195605,5.79219543366152,5.20530294516472,FALSE
"Ford",NA,1,4,59.1047053523048,1.8837667771528,4.59466808461725,5.77734158804287,TRUE
"GM",41958.0623652281,3,6,47.4854756484988,-5.66744790180177,4.71000957870288,5.70601175629161,TRUE
"Ford",34238.7293662199,2,8,55.0323609095387,-1.03127011546305,5.99331629945852,6.60958783166904,TRUE
"Toyota",37023.6813943294,2,7,49.790641682355,-1.41109475236969,3.81772420020474,5.82632691328068,TRUE
"Toyota",28474.6192977483,3,8,49.7759791645058,0.0392158002218201,5.09023953892369,5.5564038542219,TRUE
"Ford",61029.1922884667,2,14,60.9239999686271,-0.335227511644493,4.53033965540828,6.01125289456421,TRUE
"Toyota",52782.8690078895,2,6,57.7658085896457,6.28557874288544,6.52495881026949,6.55636751599893,TRUE
"Ford",37247.4063210989,3,5,42.0684259797309,1.55450872368543,5.36623252666091,6.13635293600148,TRUE
"Ford",49611.9759547927,2,14,42.0958443851321,-2.17928222795674,6.05537576429889,6.22829766687415,TRUE
"Ford",22925.4866368657,1,4,58.2688126111355,3.31731187012308,6.10708941490391,6.41958957878899,TRUE
"Ford",50047.0191163752,1,8,60.2494298975634,2.16753007873776,4.30326490378719,6.43381295779973,FALSE
"Toyota",37928.2789171524,3,14,66.0931279985572,2.51317534320879,5.8283395820438,5.78536110352311,TRUE
"GM",46228.6578278405,1,8,52.4808722763389,4.21186504043588,5.81962361261175,6.76215168020234,TRUE
"GM",54202.5902842356,3,7,46.8896171795003,-2.85442749086529,7.21114817561902,6.36904190165482,FALSE
"Toyota",30463.0927942475,1,5,63.2036188505316,-3.98835079055139,3.00741236304936,5.1793946297288,FALSE
"Ford",NA,1,6,40.5410578810523,-0.341466690184728,5.83580539338921,7.01649965946915,FALSE
"Ford",25167.7658161074,1,5,55.5264683544149,-2.61842413125268,6.0911379580556,5.7609239157218,TRUE
"Ford",28371.3949241928,3,8,54.0597892843867,3.30867280248117,3.45926959477999,6.02186207832361,TRUE
"Ford",39903.7164696717,2,7,39.3186234684804,-1.82874543264418,5.05756236165226,5.90084872321268,FALSE
"Toyota",NA,1,10,43.8865251387741,-0.75924183157913,4.71157823589436,6.37167019342964,TRUE
"Toyota",39143.238673969,0,7,57.7393604967454,-1.41946672386342,9.24065817008072,5.18549758138836,TRUE
"Ford",39306.9047308175,2,6,48.059376089862,-2.46131934542217,4.72831756145028,6.29276767704924,FALSE
"Ford",44596.099850347,2,8,49.4804799376617,3.03073755703206,7.6750345861592,6.03435235940716,FALSE
"Ford",45931.0463941953,7,20,45.0787676712351,2.51447557656535,6.51975092903035,6.49448468792113,TRUE
"Toyota",37357.003622468,4,6,59.2759450532959,2.68645207548555,6.35218249110342,5.69201306249197,FALSE
"Ford",20690.5195432688,2,14,54.8281797070596,1.57655162777387,6.82157501232954,6.92903879244238,TRUE
"Ford",50898.8375343319,6,6,40.8364211001396,-0.409104975534557,4.62286194536869,5.91239073437777,TRUE
"GM",36068.1059900939,1,14,30.6234814702194,-0.408993793680286,7.27903674664353,4.91877961177142,TRUE
"Toyota",39717.928588744,2,7,32.1853295920478,-2.18910240748883,5.57195232938824,5.48862230075787,TRUE
"Ford",34877.6384538186,2,8,51.6833918343076,-0.303062688638802,6.94773250741407,5.97411211092498,FALSE
"GM",32124.2163367065,1,7,49.2632823875344,-5.51283705358661,5.70028073060469,6.57037913046898,FALSE
"Toyota",42214.5439745924,2,10,39.8836318470397,2.04440822344855,6.49249268811148,5.656955207869,FALSE
"Ford",28355.0496707317,1,2,41.3458775231762,-0.963463893611577,5.30613727973485,6.04125840484448,TRUE
"Ford",38102.9422352475,5,4,73.2676181152119,0.329238319709789,5.98299130513346,6.67460189524917,FALSE
"GM",38320.6554152517,1,7,55.0772148862129,-1.42020317860282,4.9729569231284,5.99677454248094,TRUE
"GM",37035.295318443,3,5,50.492005316454,2.09686670894723,5.32677600671988,5.72351404891545,TRUE
"Toyota",48375.3651953124,3,5,61.1395198301552,-4.43319464424274,4.9998665974312,6.4437700892395,TRUE
"Toyota",26929.9838791476,0,2,63.9899084645948,-5.15458353364334,5.96119845806049,5.90238298780588,FALSE
"Toyota",NA,1,4,22.8628389389008,-3.183234559749,4.31464332364501,6.64861246845158,TRUE
"Toyota",55953.1055502687,1,2,46.6756241627398,0.0642927098121501,7.20483826028502,6.59909673075185,TRUE
"GM",NA,2,20,65.3989627434777,-4.47053627576224,6.61195670651469,6.45096059857349,TRUE
"Ford",58425.8573174937,3,5,52.9459704643996,-1.81911309076897,5.9201829291857,5.44857946925485,FALSE
"Ford",37474.7844350635,2,4,47.0287186290038,-3.25927383328913,6.06915852781094,6.56524796766742,FALSE
"Ford",42862.4500232906,4,4,50.540732441313,0.967184316810421,5.49199281187269,6.11915047798095,TRUE
"GM",57737.6579044376,2,7,55.3509122397041,6.84772914679035,5.43974701702138,6.57756461421133,TRUE
"Toyota",NA,3,6,48.5637039272771,0.16471641518424,5.53376382167835,5.88014115368327,TRUE
"GM",44552.5158654129,1,7,42.6448468958315,3.00240176901058,6.00726899406171,5.48281765925315,TRUE
"GM",38596.2577652245,0,7,64.4233453060503,-3.51590352066583,5.2807666125952,6.4690670917503,FALSE
"GM",53243.167710612,2,2,54.2306577792286,0.815570752758584,4.62296550429618,6.72977429600741,TRUE
"Ford",46649.6794871469,3,14,54.8539240592551,0.117689758121709,6.34386484775769,6.14934908684048,TRUE
"Ford",36385.4787316815,4,4,42.3065746241505,-3.06260963007932,5.27565463972561,6.17705410522736,FALSE
"Ford",53846.643115576,3,6,50.2834026175287,2.04671861917876,6.01055001512323,6.18117675262855,TRUE
"GM",46405.0292778654,0,14,51.4881574061742,-2.9042253096342,5.14939301163394,5.60091897524165,FALSE
"Ford",NA,3,2,47.6350607845368,4.06789565167388,5.86823431086858,6.11325334922305,FALSE
"Toyota",35852.2569928639,3,7,57.8409842687543,-4.83217045254594,5.02085951003851,6.53713399871802,FALSE
"Ford",NA,1,5,48.1406697383984,0.853339844841928,6.18633757307938,6.28306638982699,TRUE
"GM",46679.4064954694,0,7,56.4781777360022,3.03508814977701,6.19491108325497,5.76149639084793,TRUE
"Ford",32323.0935633942,2,8,68.1315190217236,0.203741351875028,4.40229293797637,6.08796280921713,FALSE
"Toyota",62742.027274647,6,4,64.8878017078882,-0.67118790696126,7.81976791472767,5.71313368971387,TRUE
"Ford",40534.2230447992,3,10,62.4301945025662,1.08405999747363,7.27306478994056,6.10837508956336,FALSE
"Ford",NA,1,4,58.7539917553987,3.61675441101518,7.90706468529848,6.61664498144026,TRUE
"Ford",NA,1,5,48.5100763548533,0.275667654892825,4.94973922570967,6.72436092345128,FALSE
"Toyota",NA,1,7,55.1152465041663,-1.81188569247162,6.21918781173601,7.22536096732497,FALSE
"Ford",37219.2237261141,1,6,41.0276786949325,0.114430306830086,6.6071883809809,6.34346700864665,TRUE
"Ford",39801.0412013861,1,4,60.588041976004,0.157235536325165,6.96247834416112,6.12144735176076,TRUE
"Toyota",NA,4,8,55.4423804864428,1.65930431922993,5.67629570352987,5.54319893167225,TRUE
"Toyota",35477.3066733102,2,7,45.5907151307617,-2.11084353278411,6.74151998893996,5.90719056406375,FALSE
"Ford",43743.9430193839,3,4,32.5928381620351,1.56297492924039,5.23042261065924,6.35661205437802,TRUE
"Ford",56088.7296830197,1,5,65.7178357895864,0.112372153848243,6.58548601022756,6.53914865714383,FALSE
"GM",34406.3980837961,3,7,53.4256075849795,-1.83892706002553,6.10252840634757,5.72629499061834,FALSE
"GM",44547.0110238364,1,8,64.311084754878,5.08818115343497,7.31058624968559,4.99823312503923,FALSE
"Ford",40519.6194193692,2,4,54.2957357046454,2.02657468111136,7.61916078945606,5.88799283426264,TRUE
"Toyota",30664.6985846191,2,7,51.1363795406188,0.122622753569504,6.57292790938007,5.7547391665109,FALSE
"Ford",14992.5591368251,0,5,30.7481624367281,2.11135667650645,3.85409652283408,6.08386967038841,FALSE
"GM",46056.7392390512,2,7,61.3240054650749,2.82545766714668,7.42695191106109,5.74083553847225,FALSE
"Ford",37497.8752194939,0,8,43.444802726062,-4.63890675940824,6.41202993790895,5.93682712316756,FALSE
"Ford",32232.7604624094,4,5,43.8029935690105,-0.389044467765447,5.95009921191632,5.43575915006024,FALSE
"Ford",47051.4508570703,1,6,54.3089321327511,-2.12630960621753,5.45371115799047,6.03289211386655,TRUE
"Ford",44353.6978952667,5,20,61.5946268026232,3.60059335072019,5.92143839638648,6.14755196354389,TRUE
"Toyota",33513.2534271608,2,2,41.5914333799746,-1.85490213366113,5.05800958385928,5.19955283121735,FALSE
"Toyota",44491.9347392567,2,6,44.9437743034717,-0.987254833762997,5.65336515070593,6.22922461864278,TRUE
"Ford",25099.4405614963,0,8,53.948284706649,4.35490372394458,8.03370915859654,6.56183588309704,FALSE
"Ford",33484.8740038479,4,20,57.7808750199936,3.59259711255282,5.43111926562407,6.58226853540886,TRUE
"GM",22247.4236127671,2,2,38.1195023261436,-4.25561211703541,6.57235831100781,5.64109117213871,TRUE
"GM",28872.5055926033,2,5,54.1993565320109,-0.615180987100573,7.47900477803765,5.26418019965717,FALSE
"GM",34885.821573734,3,7,45.5479165578669,1.1322031812906,6.16925944400035,6.12202829894998,TRUE
"Toyota",49064.7144632887,2,7,69.3926025740768,-3.20067208818561,5.79713138878889,6.5319847912737,FALSE
"Toyota",44081.7366087501,3,6,57.2986331490685,-2.16330504441277,6.11755760150503,5.7437902342549,FALSE
"Toyota",43333.1887340102,5,7,50.7071231503199,-1.49504649285171,7.13593140801964,6.31285877221859,TRUE
"Ford",25599.1573611267,2,20,30.7087071531203,-7.15366806315324,5.155437765165,6.45281805275311,TRUE
"Ford",52001.1242286466,4,7,59.2342725817905,3.98542228517758,6.91170714387936,5.57039090302275,TRUE
"Ford",48562.0482592643,5,5,60.4219789627975,3.96296654616349,6.17442013862584,5.7958444264494,TRUE
"GM",29198.052341117,1,5,34.433169801257,1.34381969861394,6.73868142418659,6.26928432371729,TRUE
"GM",48840.867443317,3,2,58.320321212202,3.21329998744227,5.80705414456926,6.21959743846957,TRUE
"GM",51523.6700368785,3,2,35.8726763108523,4.31978397266033,6.07562033084834,5.71071518376604,FALSE
"Ford",36979.3942486195,2,6,50.5283449698039,1.46523168576536,4.30006516736955,5.65521247698437,TRUE
"Ford",49699.3568946479,3,4,60.0003800961045,6.52947690614851,5.83397616809681,5.97324841000908,FALSE
"Ford",29823.9952637,4,7,44.5287715946652,2.58726528463173,6.65983042294064,6.51390114595105,TRUE
"Ford",33050.60408358,1,7,47.1020679506416,2.18914430688708,6.77347778649489,5.16493237648918,TRUE
"GM",32144.0581064153,0,6,62.782268864386,0.87020743867332,6.24296498775718,6.20291400255381,TRUE
"Ford",NA,3,4,57.8485859910863,-0.43224676900674,5.35730619865243,6.95487267762127,FALSE
